url,refurl
http://politik.kompasiana.com/,politik.kompasiana.com
http://politik.kompasiana.com/2015/03/27/inilah-trik2-untuk-membungkam-ahok-733108.html,politik.kompasiana.com
http://politik.kompasiana.com/2015/03/27/lawan-artikel-media-dan-mahasiswa-sampah-709188.html,politik.kompasiana.com
http://politik.kompasiana.com/2015/03/27/travelogue-sultra-dalam-pertanyaan-pengurangan-risiko-bencana-733360.html,politik.kompasiana.com
http://politik.kompasiana.com/2015/03/27/dearhaters-catatan-untuk-tukang-kritik-714617.html,politik.kompasiana.com
http://politik.kompasiana.com/2015/03/27/membaca-grace-natalie-dan-partai-untuk-orang-muda-714615.html,politik.kompasiana.com
http://politik.kompasiana.com/2015/03/26/paspor-diplomatik-untuk-politisi-senayan-733350.html,politik.kompasiana.com
http://politik.kompasiana.com/2015/03/26/paspor-diplomatik-untuk-politisi-senayan-733349.html,politik.kompasiana.com
http://politik.kompasiana.com/2015/03/26/pencurian-berencana-714608.html,politik.kompasiana.com
http://politik.kompasiana.com/2015/03/26/jokowi-ahok-pemimpin-53-733346.html,politik.kompasiana.com
http://politik.kompasiana.com/2015/03/26/korupsi-di-indonesia-714603.html,politik.kompasiana.com
http://politik.kompasiana.com/2015/03/26/ini-bukti-intimidasi-ala-bambang-soesatyo-709163.html,politik.kompasiana.com
http://politik.kompasiana.com/2015/03/26/reses-anggota-dprd-jatim-partai-gerindra-714570.html,politik.kompasiana.com
http://politik.kompasiana.com/2015/03/26/pamali-ahok-tertohok-dan-denny-indrayana-terpojok-714552.html,politik.kompasiana.com
http://politik.kompasiana.com/2015/03/26/sah-putusan-kemenkumham-versi-yusril-709122.html,politik.kompasiana.com
http://politik.kompasiana.com/2015/03/26/skenario-dari-drama-isis-733283.html,politik.kompasiana.com
http://politik.kompasiana.com/2015/03/26/turunkan-jokowi-lalu-apa-714545.html,politik.kompasiana.com
http://politik.kompasiana.com/2015/03/26/resmi-cerai-rieke-diah-pitaloka-ramai-dibicarakan-di-twitter-714536.html,politik.kompasiana.com
http://politik.kompasiana.com/2015/03/26/dprd-jakarta-wakil-partai-rasis-siapa-yang-angket-714532.html,politik.kompasiana.com
http://politik.kompasiana.com/2015/03/27/pamali-ahok-tertohok-dan-denny-indrayana-terpojok-714552.html,politik.kompasiana.com
http://politik.kompasiana.com/2015/03/26/ahok-membela-rakyat-aceng-membela-sahwat-733087.html,politik.kompasiana.com
http://teknologi.kompasiana.com/,teknologi.kompasiana.com
http://teknologi.kompasiana.com/terapan/2015/03/24/selain-singapore-indonesia-bisa-merajai-design-kapal-dunia-714106.html,teknologi.kompasiana.com
http://teknologi.kompasiana.com/terapan/2015/03/27/hulu-migas-teknologi-tak-terkuasai-709186.html,teknologi.kompasiana.com
http://teknologi.kompasiana.com/terapan/2015/03/26/migas-jadul-renewable-fuel-energi-masa-depan-709172.html,teknologi.kompasiana.com
http://teknologi.kompasiana.com/terapan/2015/03/26/perkembangan-teknologi-di-indonesia-733341.html,teknologi.kompasiana.com
http://teknologi.kompasiana.com/gadget/2015/03/26/answers-for-guess-94-all-questions-733271.html,teknologi.kompasiana.com
http://teknologi.kompasiana.com/gadget/2015/03/26/trik-motret-dengan-hp-ala-bos-jangkrik-709110.html,teknologi.kompasiana.com
http://teknologi.kompasiana.com/otomotif/2015/03/26/motor-mini-motor-kecil-mainan-anak-nan-unik-733263.html,teknologi.kompasiana.com
http://teknologi.kompasiana.com/internet/2015/03/26/website-hosting-manfaat-menggunakan-ssl-pada-website-733215.html,teknologi.kompasiana.com
http://teknologi.kompasiana.com/gadget/2015/03/26/inilah-pesona-teknologi-samsung-suhd-tv-733191.html,teknologi.kompasiana.com
http://teknologi.kompasiana.com/gadget/2015/03/26/root-zenfone-c-zc451cg-dengan-mudah-714465.html,teknologi.kompasiana.com
http://teknologi.kompasiana.com/terapan/2015/03/26/finally-i-i-have-my-own-o365-account-trial-version-714431.html,teknologi.kompasiana.com
http://teknologi.kompasiana.com/gadget/2015/03/25/belajar-piano-di-hp-android-708966.html,teknologi.kompasiana.com
http://teknologi.kompasiana.com/gadget/2015/03/25/gadgetciti-dan-apdi-gelar-jelajah-indahnya-indonesiaku-732987.html,teknologi.kompasiana.com
http://teknologi.kompasiana.com/internet/2015/03/25/social-media-instrumen-komunikasi-pemasaran-714337.html,teknologi.kompasiana.com
http://teknologi.kompasiana.com/gadget/2015/03/25/dicari-pesaing-apple-dan-samsung-708889.html,teknologi.kompasiana.com
http://teknologi.kompasiana.com/gadget/2015/03/25/gesek-aplikasi-karya-anak-negri-yang-didedikasikan-bagi-pengguna-kartu-debit-dan-kredit-di-indonesia-708888.html,teknologi.kompasiana.com
http://teknologi.kompasiana.com/terapan/2015/03/25/supersonic-transport-708869.html,teknologi.kompasiana.com
http://teknologi.kompasiana.com/gadget/2015/03/25/cara-asik-bikin-kolase-foto-instragam--732908.html,teknologi.kompasiana.com
http://teknologi.kompasiana.com/gadget/2015/03/25/apakah-flashdisk-perlu-dirapikan--714263.html,teknologi.kompasiana.com
http://teknologi.kompasiana.com/otomotif/2015/03/25/efisiensi-mobil-nissan-livina-yang-tiada-tandingannya-714247.html,teknologi.kompasiana.com
http://teknologi.kompasiana.com/terapan/2015/03/24/sumber-energi-yang-tidak-pernah-habis-714104.html,teknologi.kompasiana.com
http://ekonomi.kompasiana.com/,ekonomi.kompasiana.com
http://ekonomi.kompasiana.com/moneter/2015/03/26/6-tanda-anda-sedang-menuju-krisis-keuangan-714502.html,ekonomi.kompasiana.com
http://ekonomi.kompasiana.com/bisnis/2015/03/27/kecewa-layanan-indosat-kuota-internet-regular-hilang-733355.html,ekonomi.kompasiana.com
http://ekonomi.kompasiana.com/bisnis/2015/03/27/sikap-kerja-714612.html,ekonomi.kompasiana.com
http://ekonomi.kompasiana.com/bisnis/2015/03/26/berbeda-bagaimana-dalam-organisasi-714610.html,ekonomi.kompasiana.com
http://ekonomi.kompasiana.com/moneter/2015/03/26/asuransi-bukan-pilihan-709171.html,ekonomi.kompasiana.com
http://ekonomi.kompasiana.com/manajemen/2015/03/26/sebanyak-150-pedagang-dilatih-manajemen-ritel-714595.html,ekonomi.kompasiana.com
http://ekonomi.kompasiana.com/moneter/2015/03/26/hati-hati-penipuan-kartu-kredit-dengan-modus-penggabungan-menjadi-1-kartu-714591.html,ekonomi.kompasiana.com
http://ekonomi.kompasiana.com/bisnis/2015/03/26/kebutuhan-tak-terbatas-dan-sumber-daya-alam-terbatas-714568.html,ekonomi.kompasiana.com
http://ekonomi.kompasiana.com/moneter/2015/03/26/untuk-sekolah-harus-jual-tanah-dulu-733313.html,ekonomi.kompasiana.com
http://ekonomi.kompasiana.com/bisnis/2015/03/26/gnarly-marley-garden-at-grand-istana-rama-hotel-kuta-bali-733305.html,ekonomi.kompasiana.com
http://ekonomi.kompasiana.com/bisnis/2015/03/26/the-red-carpet-cocktail-at-grand-istana-rama-hotel--733304.html,ekonomi.kompasiana.com
http://ekonomi.kompasiana.com/bisnis/2015/03/26/flying-fish-grand-istana-rama-hotel-kuta-bali-733298.html,ekonomi.kompasiana.com
http://ekonomi.kompasiana.com/bisnis/2015/03/26/coffee-time-with-balinese-coffee-at-grand-istana-rama-hotel-kuta-bali-733294.html,ekonomi.kompasiana.com
http://ekonomi.kompasiana.com/moneter/2015/03/26/bullard-mungkin-ini-waktu-tepat-menormalkan-kebijkan-714557.html,ekonomi.kompasiana.com
http://ekonomi.kompasiana.com/bisnis/2015/03/26/turtle-island-grand-istana-rama-hotel-kuta-bali-733291.html,ekonomi.kompasiana.com
http://ekonomi.kompasiana.com/bisnis/2015/03/26/angin-surga-marketing-asuransi-bikin-orang-kapok-733290.html,ekonomi.kompasiana.com
http://ekonomi.kompasiana.com/agrobisnis/2015/03/26/pemerintah-jangan-impor-bawang-dulu-709117.html,ekonomi.kompasiana.com
http://ekonomi.kompasiana.com/wirausaha/2015/03/26/aku-mau-lebih-sukses-lagi-733264.html,ekonomi.kompasiana.com
http://ekonomi.kompasiana.com/bisnis/2015/03/26/10-manfaat-software-erp-bagi-kemajuan-bisnis-733262.html,ekonomi.kompasiana.com
http://ekonomi.kompasiana.com/moneter/2015/03/26/sebuah-pilihan-714527.html,ekonomi.kompasiana.com
http://ekonomi.kompasiana.com/bisnis/2015/03/26/condong-dance-grand-istana-rama-hotel-kuta-bali-733248.html,ekonomi.kompasiana.com
http://ekonomi.kompasiana.com/bisnis/2015/03/26/rezeki-ditengah-laut-714522.html,ekonomi.kompasiana.com
http://ekonomi.kompasiana.com/moneter/2015/03/26/tunjangan-tinggi-sudah-jangan-korupsi-733243.html,ekonomi.kompasiana.com
http://ekonomi.kompasiana.com/moneter/2015/03/26/tunjangan-tinggi-sudah-jangan-korupsi-733145.html,ekonomi.kompasiana.com
http://ekonomi.kompasiana.com/bisnis/2015/03/26/saham-partisipasi-migas-daerah-diperketat-siap-siap-oknum-bumd-gigit-jari-733240.html,ekonomi.kompasiana.com
http://ekonomi.kompasiana.com/moneter/2015/03/26/bantahan-terhadap-kontra-mmm-733239.html,ekonomi.kompasiana.com
http://ekonomi.kompasiana.com/moneter/2015/03/26/bagaimana-saya-melihat-pelanggan-714004.html,ekonomi.kompasiana.com
http://hiburan.kompasiana.com/,hiburan.kompasiana.com
http://hiburan.kompasiana.com/musik/2015/03/26/32-tahun-moonwalk-ala-michael-jackson-714362.html,hiburan.kompasiana.com
http://hiburan.kompasiana.com/humor/2015/03/27/mungkinkah-ahok-dan-haji-lulung-berpelukan-714616.html,hiburan.kompasiana.com
http://hiburan.kompasiana.com/humor/2015/03/26/suatu-pagi-di-lift-sebuah-supermall-709176.html,hiburan.kompasiana.com
http://hiburan.kompasiana.com/humor/2015/03/26/suatu-pagi-di-lift-sebuah-supermall-709174.html,hiburan.kompasiana.com
http://hiburan.kompasiana.com/film/2015/03/26/review-film-taare-zameen-par-709173.html,hiburan.kompasiana.com
http://hiburan.kompasiana.com/film/2015/03/26/produksi-fiksi-sma-kemangkon-purbalingga-2015-714609.html,hiburan.kompasiana.com
http://hiburan.kompasiana.com/televisi/2015/03/26/pengaruh-pontonan-pada-psikologis-anak-733342.html,hiburan.kompasiana.com
http://hiburan.kompasiana.com/musik/2015/03/26/inilah-8-band-cadas-dari-jepang-709151.html,hiburan.kompasiana.com
http://hiburan.kompasiana.com/televisi/2015/03/26/keanehan-frans-tumbuan-dalam-iklan-kesehatan-709148.html,hiburan.kompasiana.com
http://hiburan.kompasiana.com/televisi/2015/03/26/keanehan-frans-tumbuan-dalam-iklan-kesehatan-709147.html,hiburan.kompasiana.com
http://hiburan.kompasiana.com/humor/2015/03/26/jokowi-batalkan-eksekusi-duo-bali-nine-714559.html,hiburan.kompasiana.com
http://hiburan.kompasiana.com/humor/2015/03/26/ketika-suami-istri-sama-sama-dicium-muridnya-714549.html,hiburan.kompasiana.com
http://hiburan.kompasiana.com/musik/2015/03/26/ini-nih-nasyid-penyemangat-733281.html,hiburan.kompasiana.com
http://hiburan.kompasiana.com/film/2015/03/26/catatan-ringan-untuk-film-american-sniper--709116.html,hiburan.kompasiana.com
http://hiburan.kompasiana.com/humor/2015/03/26/sudah-menyamar-masih-dikenali-733258.html,hiburan.kompasiana.com
http://hiburan.kompasiana.com/musik/2015/03/26/saxophone-714523.html,hiburan.kompasiana.com
http://hiburan.kompasiana.com/musik/2015/03/26/hanya-satu-dari-sekian-banyak-yang-unik-dari-jepang-714518.html,hiburan.kompasiana.com
http://hiburan.kompasiana.com/humor/2015/03/26/humor-revolusi-mental-076-dont-wait-until-tomorrow-what-you-can-do-today-714505.html,hiburan.kompasiana.com
http://hiburan.kompasiana.com/musik/2015/03/26/mengenang-trio-libels--714498.html,hiburan.kompasiana.com
http://hiburan.kompasiana.com/musik/2015/03/26/sampai-jumpa-zayn-malik-709084.html,hiburan.kompasiana.com
http://hiburan.kompasiana.com/film/2015/03/26/begin-again-beranjak-dari-keterpurukan-733160.html,hiburan.kompasiana.com
http://hiburan.kompasiana.com/humor/2015/03/26/ruhut-mengancam-tapi-tidak-tajam-714433.html,hiburan.kompasiana.com
http://hiburan.kompasiana.com/humor/2014/12/23/suatu-pagi-di-lift-gedung-kantor-693362.html,hiburan.kompasiana.com
http://olahraga.kompasiana.com/,olahraga.kompasiana.com
http://olahraga.kompasiana.com/bola/2015/03/26/meraba-peluang-timnas-u-23-kuncinya-dua-laga-awal-kontra-timor-leste-brunei-714444.html,olahraga.kompasiana.com
http://olahraga.kompasiana.com/bola/2015/03/27/bopi-melunak-kompetisi-isl-positif-digelar-4-april-dengan-18-kontestan-733356.html,olahraga.kompasiana.com
http://olahraga.kompasiana.com/bola/2015/03/26/pakta-integritas-klub-kompromi-pemerintah-dan-pssi-demi-isl-709177.html,olahraga.kompasiana.com
http://olahraga.kompasiana.com/bola/2015/03/26/-reward-dan-punishment-untuk-suporter-733335.html,olahraga.kompasiana.com
http://olahraga.kompasiana.com/bola/2015/03/26/bukan-evan-dimas-tetapi-hendra-bayauw--714543.html,olahraga.kompasiana.com
http://olahraga.kompasiana.com/bola/2015/03/26/yang-tersisa-dari-friendly-match-indonesia-vs-kamerun-709112.html,olahraga.kompasiana.com
http://olahraga.kompasiana.com/bola/2015/03/26/hanya-11-klub-isl-yang-di-ijinkan-714470.html,olahraga.kompasiana.com
http://olahraga.kompasiana.com/bola/2015/03/26/tujuh-kontestan-belum-mendapat-rekomendasi-bopi-akankah-kompetisi-isl-kembali-tertunda-733144.html,olahraga.kompasiana.com
http://olahraga.kompasiana.com/bola/2015/03/26/meraba-peluang-timnas-u-23-kuncinya-dua-laga-awal-kontra-timor-leste-dan-brunei-714443.html,olahraga.kompasiana.com
http://olahraga.kompasiana.com/bola/2015/03/25/kamerun-1-indonesia-0--708950.html,olahraga.kompasiana.com
http://olahraga.kompasiana.com/bola/2015/03/25/ronaldo-terancam-dapat-sanksi-patutkah-714370.html,olahraga.kompasiana.com
http://olahraga.kompasiana.com/bola/2015/03/25/ronaldo-sudah-50-kali-hajar-tiang-gawang-708886.html,olahraga.kompasiana.com
http://olahraga.kompasiana.com/sport/2015/03/25/indahnya-serangan-lutut-terbang-reportase-1-732931.html,olahraga.kompasiana.com
http://olahraga.kompasiana.com/sport/2015/03/25/stadion-baru-kabupaten-bogor-menjadi-tuan-rumah-pon-xix-708875.html,olahraga.kompasiana.com
http://olahraga.kompasiana.com/bola/2015/03/25/klenik-no-punggung-9-di-ac-milan-714249.html,olahraga.kompasiana.com
http://olahraga.kompasiana.com/bola/2015/03/25/langkah-pelatih-kamerun-layak-ditiru-pssi-714248.html,olahraga.kompasiana.com
http://olahraga.kompasiana.com/raket/2015/03/25/pbsi-remajakan-usia-prestasi-tunggal-putri-732863.html,olahraga.kompasiana.com
http://olahraga.kompasiana.com/bola/2015/03/24/buntut-panjang-kekalahan-liverpool-di-kandang-sendiri-714140.html,olahraga.kompasiana.com
http://olahraga.kompasiana.com/bola/2015/03/24/pihak-barcelona-bela-real-madridsoal-keterpurukan-714134.html,olahraga.kompasiana.com
http://olahraga.kompasiana.com/bola/2015/03/24/apa-kabar-psms-medan-koq-ada-affan-lubis-di-tim-tarkam-marihat-fc-708685.html,olahraga.kompasiana.com
http://media.kompasiana.com/,media.kompasiana.com
http://media.kompasiana.com/mainstream-media/2015/03/26/kompasianatv-episode-arisan-mmm-menjanjikan-atau-penipuan-708981.html,media.kompasiana.com
http://media.kompasiana.com/new-media/2015/03/27/kelas-inspirasi-pangkep-sentuh-wilayah-3-dimensi-714619.html,media.kompasiana.com
http://media.kompasiana.com/new-media/2015/03/27/aisyiyah-pangkep-kunjungi-lapas-bungoro-714618.html,media.kompasiana.com
http://media.kompasiana.com/new-media/2015/03/26/menghasut-media-pks-gunakan-nama-nabi-714544.html,media.kompasiana.com
http://media.kompasiana.com/mainstream-media/2015/03/26/koran-indonesia-diberitakan-di-media-korea-selatan-714517.html,media.kompasiana.com
http://media.kompasiana.com/new-media/2015/03/26/sebuah-artikel-dan-komentatorya-709102.html,media.kompasiana.com
http://media.kompasiana.com/new-media/2015/03/26/edisi-kesepuluh-majalah-kekuatan-sugesti-di-bulan-maret-2015-714515.html,media.kompasiana.com
http://media.kompasiana.com/new-media/2015/03/26/eksploitasi-celah-penasaran-lewat-judul-733232.html,media.kompasiana.com
http://media.kompasiana.com/new-media/2015/03/26/kompasiana-in-english-why-not-714497.html,media.kompasiana.com
http://media.kompasiana.com/buku/2015/03/26/kekuatan-sebuah-mimpi-the-alchemist-714490.html,media.kompasiana.com
http://media.kompasiana.com/buku/2015/03/26/mandi-cahaya-rembulan-709069.html,media.kompasiana.com
http://media.kompasiana.com/buku/2015/03/26/perkembangan-fisik-di-masa-kanak-kanak-714476.html,media.kompasiana.com
http://media.kompasiana.com/mainstream-media/2015/03/26/suara-pers-suara-rakyat--709056.html,media.kompasiana.com
http://media.kompasiana.com/buku/2015/03/26/menjadi-manusia-unggul-di-era-globalisasi-709042.html,media.kompasiana.com
http://media.kompasiana.com/buku/2015/03/26/kompasianer-emcho-bukan-kho-ping-hoo-709039.html,media.kompasiana.com
http://media.kompasiana.com/buku/2015/03/26/kumpulan-hadist-tiga-bahasa-714441.html,media.kompasiana.com
http://media.kompasiana.com/new-media/2015/03/26/para-pakar-merekomendasikan-733119.html,media.kompasiana.com
http://media.kompasiana.com/buku/2015/03/26/jalan-ke-khusyu-itu-resensi-buku-733089.html,media.kompasiana.com
http://media.kompasiana.com/mainstream-media/2015/03/25/kompasianatv-episode-arisan-mmm-menjanjikan-atau-penipuan-708981.html,media.kompasiana.com
http://media.kompasiana.com/buku/2015/02/03/menjadi-ayah-sejati-721005.html,media.kompasiana.com
http://kesehatan.kompasiana.com/,kesehatan.kompasiana.com
http://kesehatan.kompasiana.com/medis/2015/03/26/hikmah-kepergian-yanni-libelspentingnya-check-up-dan-bantuan-hidup-dasar-709060.html,kesehatan.kompasiana.com
http://kesehatan.kompasiana.com/kejiwaan/2015/03/27/tulisan-tangan-mengungkap-siapa-anda-733358.html,kesehatan.kompasiana.com
http://kesehatan.kompasiana.com/alternatif/2015/03/27/ps-philip-mantofa-tuhan-hadir-di-festival-kuasa-allah-ke-21-709181.html,kesehatan.kompasiana.com
http://kesehatan.kompasiana.com/ibu-dan-anak/2015/03/26/mengenal-lebih-jauh-strategi-kelahiran-bayi-709178.html,kesehatan.kompasiana.com
http://kesehatan.kompasiana.com/kejiwaan/2015/03/26/living-in-a-day-of-future-past-709156.html,kesehatan.kompasiana.com
http://kesehatan.kompasiana.com/kejiwaan/2015/03/26/stres-pada-anak-733328.html,kesehatan.kompasiana.com
http://kesehatan.kompasiana.com/alternatif/2015/03/26/pentingnya-kesehatan-tubuh-dumiasih-733319.html,kesehatan.kompasiana.com
http://kesehatan.kompasiana.com/medis/2015/03/26/self-care-diabetes-melitus-ii-714550.html,kesehatan.kompasiana.com
http://kesehatan.kompasiana.com/makanan/2015/03/26/madu-lebah-klanceng-banyak-di-cari-733274.html,kesehatan.kompasiana.com
http://kesehatan.kompasiana.com/makanan/2015/03/26/antara-air-bersihair-minum-dan-pdam-733257.html,kesehatan.kompasiana.com
http://kesehatan.kompasiana.com/medis/2015/03/26/tiga-pr-kesehatan-calon-pengantin-wanita-714524.html,kesehatan.kompasiana.com
http://kesehatan.kompasiana.com/medis/2015/03/26/amalan-rakyat-publik-harus-tau-dan-pemerintah-segera-meng-audit-keuangan-bpjs-kesehatan-yang-tidak-jelas-itu-709101.html,kesehatan.kompasiana.com
http://kesehatan.kompasiana.com/alternatif/2015/03/26/pemanfaatan-olikus-brokoli-kukus-terhadap-kadar-glukosa-darah-wanita-prediabetes-733233.html,kesehatan.kompasiana.com
http://kesehatan.kompasiana.com/kejiwaan/2015/03/26/psikoseksual-733225.html,kesehatan.kompasiana.com
http://kesehatan.kompasiana.com/medis/2015/03/26/beratberasuransi-untuk-si-a--714495.html,kesehatan.kompasiana.com
http://kesehatan.kompasiana.com/kejiwaan/2015/03/26/teman-kerja-anda-iri-ini-cara-menghadapinya-733211.html,kesehatan.kompasiana.com
http://kesehatan.kompasiana.com/alternatif/2015/03/26/pengaruh-rebusan-daun-sirih-merah-terhadap-perubahan-kadar-gula-darah-puasa-pada-klien-dengan-diabetes-millitus-709079.html,kesehatan.kompasiana.com
http://kesehatan.kompasiana.com/alternatif/2015/03/26/petai-sebagai-pelindung-serangan-jantung-714479.html,kesehatan.kompasiana.com
http://kesehatan.kompasiana.com/medis/2015/03/26/pemberian-terapi-sulih-hormon-sebagai-upaya-meningkatkan-kesehatan-wanita-monopause-733187.html,kesehatan.kompasiana.com
http://kesehatan.kompasiana.com/medis/2015/03/26/efektifitas-penggunaan-kompres-metronidazole-dan-nacl-09-terhadap-proses-penyembuhan-luka-diabetik-714471.html,kesehatan.kompasiana.com
http://kesehatan.kompasiana.com/alternatif/2015/03/26/manfaatkan-tanah-sejengkal-secara-efektif-714451.html,kesehatan.kompasiana.com
